trip_duration_days,miles_traveled,total_receipts_amount,expected_output,model_output,abs_error
364.51,3,93.0,1.42,66.17882544863899,64.75882544863899
126.06,1,55.0,3.6,35.64040105779431,32.040401057794305
128.91,1,47.0,17.97,30.361058923886446,12.391058923886447
203.52,2,13.0,4.67,-9.647915641957722,14.317915641957722
380.37,3,88.0,5.78,66.17882544863899,60.39882544863899
158.35,1,76.0,13.74,73.38771030325321,59.64771030325321
320.12,3,41.0,4.52,33.59418328438336,29.074183284383363
199.68,1,140.0,22.71,48.49435059800373,25.784350598003726
464.07,3,121.0,21.17,135.32334223001635,114.15334223001635
359.1,3,117.0,21.99,71.08204855198092,49.09204855198092
356.17,2,202.0,21.24,127.16185800179636,105.92185800179637
366.87,3,80.0,21.05,109.41812373456752,88.36812373456752
430.86,3,177.0,18.73,279.467349492594,260.737349492594
195.14,1,141.0,10.15,48.49435059800373,38.34435059800373
117.24,1,58.0,5.86,36.06980105779431,30.20980105779431
179.06,1,133.0,8.34,68.08585225531891,59.74585225531891
120.65,1,59.0,8.31,36.53530105779431,28.225301057794304
234.2,2,89.0,13.85,61.30311330450094,47.45311330450094
325.56,2,147.0,17.43,73.49755192428472,56.06755192428472
574.1,5,130.0,306.9,283.2743156290745,23.625684370925455
1443.96,5,173.0,1337.9,1464.6922570819186,126.79225708191848
869.0,5,592.0,433.75,411.886185477816,21.863814522183986
1030.41,5,679.0,476.08,487.65143817111937,11.571438171119382
1654.62,5,708.0,1129.52,1359.337971987189,229.8179719871889
621.12,5,261.0,464.94,552.8983036304372,87.95830363043723
1624.01,5,521.0,1448.55,1774.4662772090599,325.9162772090599
1231.67,5,595.0,863.93,801.558429174412,62.37157082558792
1608.6,5,811.0,952.39,1237.342706831325,284.9527068313249
1045.96,5,477.0,704.42,679.0302341340456,25.38976586595436
991.49,5,730.0,485.73,458.73871354867254,26.991286451327483
1485.59,5,262.0,1173.79,1555.6082496977956,381.81824969779564
788.62,5,446.0,219.98,320.1962750937861,100.2162750937861
1063.46,5,751.0,407.43,507.4091523098271,99.9791523098271
686.54,5,324.0,128.94,183.94259104217525,55.002591042175254
1368.94,5,414.0,967.0,1057.4129222185913,90.41292221859135
742.25,5,367.0,290.78,349.73378089296403,58.95378089296406
1468.46,5,764.0,848.75,966.23102084638,117.48102084638003
1719.37,8,862.0,1817.85,1964.075198439802,146.22519843980217
1779.12,11,927.0,1994.33,1935.3191761847997,59.01082381520018
1085.4,9,602.0,186.69,340.7518926637545,154.06189266375452
841.27,8,610.0,208.29,349.29486504741845,141.00486504741846
1618.13,12,333.0,1103.21,1446.914802105118,343.704802105118
1525.26,8,435.0,1129.65,1369.4796044460418,239.82960444604169
1561.63,9,218.0,1203.45,1591.4427761638005,387.9927761638005
1752.72,12,781.0,1159.18,1536.1362519675558,376.9562519675558
2098.07,11,916.0,1036.91,1053.244578615133,16.33457861513284
1624.11,10,358.0,2066.62,1907.0528772124926,159.5671227875073
1752.03,12,566.0,2013.7,2057.5736354952182,43.873635495218196
2024.2,9,954.0,1483.39,1389.7115183335407,93.67848166645945
1624.87,9,534.0,1929.94,1805.535558484444,124.40444151555607
1953.03,12,765.0,1343.97,1424.3308057503814,80.36080575038136
1388.05,8,630.0,967.69,872.7476941137081,94.94230588629193
1505.19,10,909.0,696.0,776.1344188881634,80.1344188881634
1037.45,10,223.0,745.89,607.180914173058,138.709085826942
1483.33,8,467.0,1178.71,1403.9772318683536,225.26723186835352
1110.6,9,708.0,461.07,386.03489491336217,75.03510508663783
1694.37,9,885.0,1764.97,1707.9906209073383,56.9793790926617
1339.72,6,855.0,591.35,539.475118151251,51.874881848749055
715.19,2,993.0,54.24,174.94385519249627,120.70385519249626
1216.36,5,685.0,747.14,677.7573221782836,69.38267782171636
1502.49,5,770.0,873.33,1084.4783077636034,211.14830776360338
1237.71,6,697.0,651.64,538.8037475229703,112.83625247702969
743.94,3,795.0,450.85,481.85064098051214,31.000640980512117
1364.54,3,606.0,1184.23,1326.5550358377432,142.32503583774314
1251.14,3,842.0,865.37,909.7803189319033,44.41031893190325
971.31,7,748.0,241.73,319.79522172620113,78.06522172620114
905.79,7,624.0,148.16,294.2519607536693,146.09196075366933
1515.99,3,874.0,1191.4,1462.8847787905104,271.4847787905103
1120.1,6,761.0,530.19,416.3981171729395,113.79188282706053
539.36,1,815.0,97.89,149.29092690650785,51.40092690650785
644.12,1,601.0,497.7,530.1549524116581,32.4549524116581
1809.91,7,817.0,1127.87,1356.544468470662,228.67446847066208
1050.05,1,606.0,923.0,894.5947830203573,28.40521697964266
866.07,1,909.0,741.82,678.1432975412666,63.676702458733416
1459.34,3,624.0,1160.92,1600.6265361874919,439.7065361874918
676.38,4,650.0,619.49,522.5638729078199,96.92612709218008
628.4,6,204.0,818.99,689.7213611175202,129.26863888247976
198.42,1,263.0,396.49,359.7827669431228,36.707233056877214
162.18,1,451.0,555.49,456.08057462572486,99.40942537427514
831.96,10,424.0,474.99,383.8418708540526,91.1481291459474
415.96,2,565.0,389.49,462.27457620131247,72.78457620131246
913.29,9,397.0,348.49,416.5390499441911,68.0490499441911
355.57,1,532.0,413.99,438.14224908885797,24.152249088857957
290.36,2,384.0,495.49,393.03008899640605,102.45991100359396
765.13,5,754.0,489.99,391.63601022417333,98.35398977582668
707.88,1,344.46,813.85,717.0393810261165,96.81061897388349
848.42,3,906.3,540.03,425.79246555326694,114.23753444673304
764.64,3,1007.56,187.52,259.07876501068915,71.55876501068914
255.57,1,359.62,221.15,314.25701506263175,93.10701506263175
636.51,1,362.79,749.19,676.8322463460541,72.3577536539459
303.94,1,288.72,159.26,331.36004400507477,172.10004400507478
1165.44,2,782.17,830.72,901.1880985542215,70.46809855422146
625.15,2,623.18,347.54,321.32286529518484,26.21713470481518
693.36,3,1061.15,388.5,323.0039618510044,65.49603814899558
779.08,3,1020.39,250.62,276.9612328109799,26.341232810979875
992.4,3,1025.03,592.55,456.1902210373251,136.35977896267485
671.06,2,794.32,402.31,453.47101716567096,51.161017165670955
361.66,1,276.85,485.54,400.9278685010827,84.61213149891734
650.68,2,851.68,473.96,416.8963366277849,57.0636633722151
960.47,3,859.12,611.07,504.0060610844824,107.06393891551767
787.42,3,1317.07,476.87,448.7189581143126,28.15104188568739
741.46,1,388.1,827.37,753.2930824775108,74.07691752248923
636.19,1,264.39,758.27,733.7469738765573,24.52302612344272
807.48,5,198.21,594.83,509.62059697797145,85.2094030220286
666.59,6,72.85,457.75,407.5858673008457,50.16413269915432
835.08,8,297.64,481.09,429.12290896473945,51.96709103526052
1452.17,7,237.33,1262.27,1384.3478506692772,122.07785066927727
511.23,5,195.73,1228.49,927.5210522666094,300.96894773339056
1522.6,8,276.28,1179.9,1469.7771275092873,289.8771275092872
880.41,8,266.87,252.08,506.94414289193236,254.86414289193235
828.16,9,310.69,239.64,298.17682192041474,58.53682192041475
1031.34,6,222.08,709.07,693.4125471047663,15.657452895233746
1019.85,8,264.94,720.67,569.9966150567845,150.6733849432154
1499.24,8,161.15,1230.37,1375.073961386147,144.70396138614706
835.54,9,259.96,554.74,450.56272148879276,104.17727851120725
850.57,9,97.85,518.56,485.6293937023315,32.93060629766842
1374.9,9,194.34,1054.93,1005.6262517795764,49.3037482204237
830.45,9,332.35,374.61,300.5084459436138,74.10155405638619
845.35,5,126.44,696.14,647.7391034108118,48.400896589188164
1050.25,5,66.13,848.03,939.3126222563343,91.28262225633432
1478.11,6,135.34,1144.13,1675.468855228097,531.3388552280969
648.57,6,233.7,346.98,427.576009290091,80.59600929009099
1785.47,9,849.0,1007.41,1302.4326532751745,295.02265327517455
2016.46,8,891.0,1194.36,1239.863001143899,45.503001143899155
2164.15,9,1182.0,1342.24,1284.6095059632019,57.630494036798154
2063.98,7,1010.0,1514.03,1460.774953145364,53.25504685463602
1902.37,8,892.0,1768.53,1690.3742610330858,78.15573896691421
1817.77,6,825.0,1692.73,1680.6631549057229,12.066845094277141
1857.04,8,1064.0,1756.52,1695.2519647375443,61.26803526245567
1771.8,6,811.0,1252.04,1544.855466543201,292.81546654320096
1826.08,7,889.0,1417.96,1534.3457013980856,116.38570139808553
1880.76,9,1012.0,1429.04,1529.618521999605,100.57852199960507
1720.21,6,909.0,1332.18,1597.403122967389,265.2231229673889
1894.85,9,1096.0,1690.22,1887.4926153196475,197.27261531964746
1964.86,9,913.0,1021.29,1340.930292147642,319.64029214764196
1803.97,6,1006.0,1219.71,1438.5497063016362,218.83970630163617
1737.86,6,907.0,1650.17,1718.1237194331377,67.95371943313762
1780.58,9,816.0,1171.81,1257.9722344119082,86.16223441190823
2279.82,7,1006.0,1181.33,1155.840059743918,25.489940256082036
1765.79,6,835.0,1404.28,1534.8546594351046,130.57465943510465
1662.88,12,528.0,2476.41,2112.164940737584,364.2450592624159
322.0,4,69.0,2321.49,2156.042777020449,165.4472229795506
1550.55,11,1179.0,31.36,211.06050429518382,179.7005042951838
1793.07,13,756.0,954.4,1062.551360039542,108.15136003954206
1171.68,1,123.0,2076.65,1932.3808641139929,144.26913588600723
1434.71,3,1162.0,2152.66,2085.6343087761493,67.02569122385057
1374.91,1,822.0,2170.53,1822.067905182047,348.46209481795313
1823.47,11,558.0,1549.86,1666.3046370960828,116.44463709608294
1353.87,2,753.0,1111.16,1330.8217753104536,219.66177531045355
794.7,10,224.0,407.51,378.02382182924765,29.48617817075234
800.3,6,383.0,462.79,366.1473999067272,96.64260009327285
1987.39,8,1005.0,1391.37,1445.1573546355953,53.78735463559542
1366.61,10,1145.0,311.43,263.5879567021192,47.84204329788082
1743.85,5,1004.0,2367.63,2207.958343194163,159.6716568058373
1676.79,5,873.0,1402.35,1488.0091124458884,85.65911244588847
1273.45,2,165.0,1813.32,1853.2629724654225,39.9429724654226
879.65,5,1076.0,190.33,283.5506118639071,93.22061186390707
1760.0,12,986.0,2390.92,2375.8356437194375,15.084356280562588
1578.97,7,948.0,657.17,803.7160377704216,146.54603777042166
1411.95,3,429.0,2400.13,2104.525457373346,295.60454262665417
788.53,4,362.0,646.43,546.2207607128545,100.20923928714546
1494.23,2,622.0,1871.56,1915.1581067433603,43.598106743360404
150.34,1,140.0,255.99,132.27538784874517,123.71461215125484
851.24,8,123.0,612.55,547.7828180115097,64.76718198849028
1413.52,4,87.0,2463.92,2235.631374894074,228.28862510592626
1516.43,10,164.0,1144.9,1269.266776594787,124.36677659478687
1439.17,1,989.0,2196.84,2142.2630387322934,54.57696126770679
1092.94,1,37.0,1397.17,1568.2548595297837,171.08485952978367
1780.07,12,757.0,897.4,1081.9190555206208,184.51905552062078
1342.39,2,456.0,2390.7,2133.286247486374,257.4137525136257
771.83,5,733.0,41.18,193.8703250793625,152.69032507936248
1477.12,5,291.0,1279.7,1431.3956571080457,151.69565710804568
1568.41,10,478.0,2091.79,1962.095202142267,129.69479785773296
1847.26,8,817.0,1455.73,1518.6137966121512,62.88379661215117
1807.42,6,1043.0,1404.35,1481.2153626441334,76.86536264413348
1549.54,2,958.0,1855.58,1898.408857551659,42.828857551658984
935.4,9,524.0,474.75,357.88032840666057,116.86967159333943
522.58,6,45.0,81.59,156.70327414119777,75.11327414119776
1502.02,8,342.0,2259.06,1940.4886112271568,318.5713887728432
1682.98,12,379.0,1897.29,1746.2387700366476,151.0512299633524
1585.02,6,333.0,1254.68,1343.045406328464,88.3654063284639
1490.51,2,634.0,1739.81,1881.2313994187875,141.4213994187876
1282.84,5,285.0,974.73,1020.1534183510522,45.42341835105219
1707.38,12,33.0,1249.13,1314.4451054127328,65.31510541273269
1539.77,9,118.0,1285.82,1550.27600078969,264.45600078969005
1220.35,1,420.0,2273.6,1989.9032707529618,283.6967292470381
1586.22,11,312.0,2072.39,1918.5034934929556,153.88650650704426
1779.08,10,753.0,2054.02,1807.971049790897,246.04895020910294
570.99,5,125.0,96.38,193.69008991991996,97.31008991991996
1395.65,6,597.0,888.84,874.91749481286,13.922505187140018
1408.25,12,1065.0,203.2,241.9722072406021,38.772207240602114
402.81,1,214.0,540.03,381.21612293702344,158.81387706297653
1852.24,11,886.0,922.66,1300.2859803042038,377.62598030420384
1656.28,10,621.0,978.73,1356.1863738331724,377.4563738331724
1699.56,4,1000.0,2355.34,2251.479556097392,103.86044390260804
1881.36,13,534.0,1765.96,1706.6519791034507,59.30802089654935
1671.23,6,475.0,1800.71,1840.3291095597704,39.61910955977032
1739.18,11,623.0,2265.21,2160.003711565253,105.20628843474697
1112.02,1,620.0,973.91,957.2611546508624,16.64884534913756
1960.67,13,1004.0,1757.75,1699.113138335641,58.636861664359
1897.19,8,962.0,1929.63,1790.2323536367949,139.39764636320524
1842.1,14,516.0,1464.67,1519.9886415338513,55.31864153385118
1873.94,11,685.0,2272.75,2113.6342243947665,159.11577560523347
540.97,3,307.0,266.21,239.4265754534907,26.78342454650928
1339.93,3,375.0,1346.21,1476.7420174861961,130.53201748619608
1567.43,4,1124.0,2177.18,2060.8094963851568,116.37050361484307
1520.73,3,779.0,2110.9,1968.1357647415416,142.76423525845848
1419.34,8,1173.0,671.25,583.8266582641867,87.42334173581332
1745.18,14,47.0,1667.14,1645.4441776493857,21.695822350614435
1539.47,3,981.0,2008.83,1884.6970581938847,124.13294180611524
1547.5,5,516.0,1450.67,1402.3455756430578,48.324424356942245
872.19,6,471.0,332.51,440.4948448738499,107.98484487384991
1432.79,2,941.0,1565.77,1724.4202448534459,158.65024485344588
837.36,10,377.0,301.96,380.13083976330927,78.17083976330929
793.58,7,273.0,285.83,333.525707203624,47.69570720362401
737.28,1,458.0,834.7,811.0053463412281,23.694653658771927
1575.52,11,772.0,932.31,1009.710027476206,77.4000274762061
1593.24,11,36.0,1541.47,1673.7478006121187,132.27780061211865
1579.73,12,211.0,1048.29,1197.5362027485362,149.24620274853623
1839.67,7,987.0,2164.1,2053.9535745377125,110.14642546228743
1599.27,9,662.0,2275.59,2073.0133276792512,202.5766723207489
1553.21,12,96.0,1164.37,1279.9659148225505,115.59591482255064
1623.81,5,569.0,1856.7,1887.9191853291968,31.219185329196762
874.99,12,128.0,477.17,458.37274725793145,18.797252742068565
1698.0,4,886.0,2401.28,2254.1321225553784,147.14787744462183
1331.53,13,19.0,807.27,790.2833794972511,16.986620502748906
1454.47,8,275.0,2347.09,1981.5125117145699,365.57748828543026
1434.42,9,963.0,588.5,677.6326235963807,89.13262359638065
1894.16,14,1056.0,2489.69,2287.315840378189,202.37415962181103
947.72,5,728.0,423.16,409.36723019265224,13.792769807347781
418.17,4,286.0,1063.49,835.0269852546891,228.46301474531094
1663.39,11,332.0,1352.48,1497.2657421224621,144.78574212246212
1494.81,12,49.0,1118.38,1255.735710772639,137.355710772639
1206.95,2,18.0,2503.46,2409.4499340623893,94.01006593761076
1930.24,14,592.0,1268.36,1322.4429635678466,54.08296356784672
875.39,3,892.0,171.32,362.5964351217068,191.2764351217068
1847.08,11,741.0,1872.39,1649.4753918870588,222.91460811294132
1819.41,14,807.0,2358.41,2087.6810201458934,270.72897985410646
1796.7,5,873.0,1584.53,1609.6244163074832,25.094416307483243
1434.84,3,1159.0,2209.44,2119.6254407254733,89.8145592745268
332.06,1,388.0,390.7,359.9413014268408,30.758698573159165
1547.5,9,576.0,1059.79,1251.7602564533865,191.97025645338658
1640.78,9,524.0,2367.12,2157.5270482854285,209.59295171457143
1559.59,10,459.0,2183.11,2020.89169618759,162.2183038124101
1097.95,4,725.0,588.9,567.8990628761685,21.000937123831477
1222.41,1,992.0,958.87,1101.3034846938438,142.43348469384375
1615.13,10,536.0,2194.42,1874.3890036620508,320.0309963379493
2143.74,11,1126.0,1593.03,1565.692086010335,27.337913989664912
1539.1,10,314.0,1098.8,1248.0676044404536,149.26760444045362
1120.22,1,9.0,2246.28,2163.0905213813035,83.18947861869674
2030.59,11,706.0,1508.23,1522.1549879160684,13.924987916068403
1775.03,10,976.0,2166.02,1987.3542681820086,178.6657318179914
1313.95,5,1028.0,653.19,603.7038914511052,49.48610854889489
1944.88,12,882.0,1958.14,1859.1309419313968,99.00905806860328
1090.35,11,448.0,732.79,654.2672892541972,78.52271074580278
303.2,3,127.0,293.49,173.35224063172322,120.13775936827679
1005.67,12,218.0,486.02,448.79222649651695,37.227773503483036
785.59,3,1166.0,530.44,440.14844121589294,90.29155878410711
830.07,11,17.0,550.58,528.747605774514,21.83239422548604
1649.49,9,696.0,1749.97,1679.135948347259,70.83405165274098
664.43,4,305.0,125.79,312.73256346751424,186.94256346751422
857.42,1,303.0,931.53,881.9933192788295,49.536680721170455
1732.12,8,1012.0,2390.84,2140.294399664119,250.54560033588132
1913.87,9,938.0,2224.29,1944.27748331643,280.01251668356986
535.67,3,471.0,288.19,269.9048127572655,18.28518724273448
1156.55,5,72.0,977.67,965.1991181926155,12.470881807384444
1642.15,10,160.0,2272.56,2241.1064238365534,31.45357616344654
1805.77,10,965.0,1851.28,1705.7906262941497,145.4893737058503
1447.95,3,266.0,2178.16,2057.7067102653,120.45328973469987
1792.31,12,734.0,2491.82,2317.3919950194027,174.4280049805975
1710.72,12,64.0,1641.01,1751.0868894424511,110.07688944245115
1674.09,9,497.0,1845.08,1798.7026877026865,46.37731229731344
1586.21,3,781.0,1801.38,1854.5977249019893,53.217724901989186
1183.16,3,158.0,1070.74,1281.6979563418697,210.9579563418697
802.96,3,1096.0,200.27,279.2717258136857,79.00172581368568
1987.44,11,1116.0,2067.8,2053.0557075391434,14.744292460856741
982.64,10,831.0,39.86,274.6924288703758,234.8324288703758
1761.68,14,124.0,1064.64,1273.2757588687216,208.6357588687215
1261.41,4,10.0,1262.73,1378.5654743032655,115.83547430326553
897.78,5,955.0,106.86,222.62809449822103,115.76809449822103
1921.16,7,1176.0,2489.13,2393.1977843907353,95.93221560926486
1012.0,6,803.0,465.6,331.6267718429062,133.97322815709384
1022.81,9,868.0,62.12,239.95194746460913,177.83194746460913
225.12,1,181.0,128.05,110.34549189537732,17.70450810462269
564.16,3,70.0,631.88,498.6902901824652,133.18970981753478
1189.47,8,1090.0,419.76,319.38575540452183,100.37424459547816
1365.21,1,735.0,1676.9,1590.5375677851205,86.36243221487962
509.52,2,547.0,119.09,236.47097507549893,117.38097507549892
949.34,11,265.0,218.66,443.4880803956816,224.8280803956816
1305.54,10,223.0,886.32,872.708885401282,13.611114598718018
1833.24,12,959.0,1947.82,1880.438402629487,67.38159737051296
1793.52,11,498.0,1578.39,1661.0381103073535,82.64811030735336
1688.9,14,127.0,988.4,1103.0327802949334,114.63278029493347
779.66,3,621.0,214.08,328.10049722545625,114.02049722545624
1839.47,6,1193.0,2241.5,2207.284773022792,34.215226977208204
1497.46,4,448.0,2055.97,2001.4637928930983,54.506207106901456
1558.12,8,466.0,2064.63,1924.544506419993,140.0854935800071
1696.65,12,229.0,1216.16,1527.4329005107586,311.2729005107585
1573.12,13,658.0,559.48,712.0880499897752,152.60804998977517
1842.24,13,1034.0,2477.98,2207.354639144395,270.62536085560487
1611.66,4,842.0,2464.29,2235.5319752319806,228.75802476801937
1921.68,13,837.0,1218.93,1277.6204478065251,58.69044780652507
1804.68,11,927.0,1306.37,1518.9796238077558,212.60962380775595
1605.84,4,1047.0,1657.68,1608.7102950311516,48.96970496884842
1435.34,4,262.0,1681.28,1806.1647343775667,124.8847343775667
2014.72,7,1126.0,1103.75,1269.2544060503506,165.50440605035055
1125.36,5,781.0,672.91,524.7121756297468,148.19782437025322
1090.31,5,831.0,591.65,479.23095914107853,112.41904085892145
2132.85,7,1089.0,1026.25,1073.511262235243,47.261262235243066
1421.36,1,793.0,2171.07,2103.9159645962204,67.15403540377974
847.33,9,368.0,495.12,409.26922277074885,85.85077722925115
1704.06,6,818.0,1130.38,1275.158391444088,144.7783914440879
1349.04,2,267.0,2116.93,2004.5873388210807,112.34266117891912
1844.58,10,1083.0,2105.36,2094.62249334278,10.73750665721991
2015.18,13,529.0,1767.79,1828.2154004816557,60.42540048165574
2248.12,9,1155.0,1346.4,1317.6431287268804,28.756871273119714
2072.18,7,1185.0,1768.01,1690.324055827147,77.68594417285294
1777.14,5,763.0,1420.94,1546.9468706865898,126.00687068658976
1550.04,7,368.0,1231.69,1336.9545065849416,105.2645065849415
972.58,6,659.0,322.1,389.76089064409234,67.66089064409232
1696.86,14,1138.0,518.18,688.5225080131878,170.34250801318785
1603.89,6,172.0,1977.78,1966.9645180877199,10.81548191228012
903.3,6,628.0,311.47,357.194074134833,45.72407413483296
1264.53,2,500.0,1246.48,1346.8957172972498,100.41571729724978
1422.12,8,7.0,2075.6,1995.753499076335,79.84650092366496
1696.72,5,942.0,2092.87,1955.0639592138768,137.80604078612305
1589.65,12,81.0,2485.34,2178.666189691797,306.673810308203
866.18,4,166.0,791.52,664.0559645524945,127.46403544750547
1344.71,3,213.0,1724.85,1826.1550931761492,101.30509317614928
1175.65,11,1004.0,167.15,227.18004486693295,60.03004486693294
624.04,5,116.0,478.1,405.5034761763602,72.59652382363981
1807.67,13,112.0,2299.56,2277.4069891616955,22.153010838304454
1134.47,1,43.0,2149.22,2077.3906602599063,71.82933974009347
1531.2,2,660.0,1944.4,2004.8677591603837,60.467759160383594
1171.54,10,888.0,298.68,235.47939310673542,63.20060689326459
1759.97,10,860.0,2380.76,2290.128367814191,90.6316321858094
2013.21,10,1187.0,1981.09,1807.8324414297551,173.25755857024478
1314.3,12,1139.0,124.65,156.71479287451353,32.06479287451353
927.98,5,966.0,359.51,383.51140521022444,24.001405210224448
1515.54,9,72.0,1281.32,1486.714122973642,205.39412297364197
1638.66,10,215.0,2440.91,2102.7565011662596,338.1534988337403
1703.2,7,671.0,1297.02,1485.3298549242252,188.3098549242252
538.36,5,230.0,333.69,381.4984610158788,47.80846101587878
1549.82,5,467.0,1243.31,1339.7995349328648,96.4895349328649
1705.9,13,247.0,2339.61,2115.6949312696142,223.91506873038588
1837.25,14,777.0,1248.61,1351.3932657518953,102.78326575189544
902.09,11,740.0,1171.99,798.8973867827547,373.09261321724534
1792.88,5,789.0,1853.31,1828.8353860380878,24.474613961912155
784.52,4,825.0,874.99,680.4431850710635,194.54681492893656
731.28,2,301.0,769.23,655.4584854765834,113.77151452341661
1925.32,12,1007.0,1353.77,1379.2519465261612,25.48194652616121
1202.46,5,865.0,644.79,588.5982929619264,56.19170703807356
1682.62,14,81.0,1251.97,1291.448552712083,39.478552712083
1752.18,8,1159.0,2175.27,2155.905872971089,19.364127028910843
1152.99,11,496.0,373.98,498.78647910847906,124.80647910847904
1362.39,1,752.0,1632.35,1590.5375677851205,41.812432214879436
1749.31,5,1014.0,1853.57,2036.0909540295816,182.52095402958162
972.95,9,686.0,145.66,338.1228663775872,192.46286637758718
1724.68,5,654.0,1272.89,1543.859054944039,270.9690549440388
1593.12,8,621.0,2391.34,1948.0404921878467,443.2995078121535
1306.91,9,1080.0,539.51,491.14974303661893,48.36025696338106
1067.81,10,714.0,269.06,356.95307965543196,87.89307965543196
1872.81,10,816.0,1425.64,1524.3427096487894,98.70270964878932
2239.35,14,1122.0,1766.25,1737.3275890486882,28.922410951311804
1501.24,4,1202.0,1074.87,1135.3824026779748,60.51240267797493
1682.08,5,651.0,1573.3,1596.8483447633782,23.54834476337828
1265.57,14,1100.0,237.69,161.85682472076573,75.83317527923427
924.9,14,296.0,485.68,413.6264542839278,72.05354571607222
1421.07,1,697.0,2148.5,2038.4854455644697,110.01455443553027
1133.45,6,1044.0,47.46,239.12286703851998,191.66286703851998
1755.18,12,398.0,2481.44,2168.9726582180497,312.4673417819504
1345.66,3,139.0,2428.89,2145.2747611421883,283.6152388578116
1367.64,2,423.0,1639.17,1684.439919930315,45.26991993031493
1872.44,11,815.0,2385.6,2100.404953174373,285.19504682562683
1257.31,6,577.0,897.74,805.0248234188007,92.71517658119933
1461.33,8,200.0,1508.89,1537.1156298041378,28.225629804137725
1455.85,9,1102.0,540.6,666.6141871865866,126.01418718658658
1770.91,12,508.0,1970.54,1786.7921036250063,183.74789637499362
2097.69,13,1024.0,1712.85,1551.0043852761935,161.84561472380642
1862.45,7,1161.0,1499.97,1526.3457969454198,26.37579694541978
624.78,2,730.0,285.24,321.89714914397047,36.65714914397046
1956.89,13,996.0,1809.2,1727.0209239385144,82.1790760614856
1673.89,5,1160.0,1901.83,1815.5611604467606,86.26883955323933
1798.47,14,191.0,2442.76,2315.7923356779756,126.96766432202458
1826.93,7,776.0,2447.82,2256.33583741042,191.48416258958014
1918.89,14,414.0,1919.7,1896.7298602351998,22.97013976480025
1851.7,7,847.0,1994.62,1866.8546494532811,127.76535054671876
1871.76,6,924.0,1227.21,1294.2275611966434,67.01756119664333
1489.99,2,933.0,1589.58,1702.4025821523446,112.8225821523447
891.9,1,211.0,958.08,923.3503900271832,34.72960997281689
1837.11,10,773.0,865.92,1077.8594863681083,211.9394863681083
1229.87,3,196.0,1211.68,1302.0884599346737,90.4084599346736
1480.87,14,49.0,954.02,929.488102902712,24.531897097288038
935.38,5,477.0,655.24,504.11727198649965,151.12272801350036
1649.04,11,458.0,1364.29,1702.3324061170697,338.04240611706973
1279.31,3,289.0,1245.67,1388.9169373618042,143.24693736180416
1664.83,5,1085.0,2486.43,2302.4247798612214,184.00522013877844
1473.75,8,415.0,1214.97,1461.0416693188863,246.07166931888628
1114.9,6,425.0,709.75,683.7944856103123,25.955514389687664
1637.65,7,313.0,2408.02,2374.8877460589188,33.13225394108122
897.26,13,235.0,426.07,352.9094640855109,73.16053591448912
1630.66,7,635.0,1406.31,1426.803609018877,20.493609018877123
1889.87,10,1009.0,2164.22,1923.8579016070837,240.3620983929161
748.57,3,692.0,450.7,432.61375393214655,18.086246067853438
1013.78,2,91.0,1073.76,1085.3629170889126,11.60291708891259
2047.06,8,1187.0,1045.91,1288.0476341464678,242.1376341464677
1847.84,14,600.0,1120.05,1282.8445960234828,162.79459602348288
483.34,5,210.0,710.49,563.5443748369129,146.94562516308713
1564.9,12,10.0,1203.1,1261.3662016370156,58.26620163701568
282.89,1,452.0,275.05,336.5319108426779,61.481910842677905
1476.03,4,256.0,2218.74,2062.0143656893274,156.72563431067238
1557.27,8,312.0,2383.17,2218.5521871808282,164.61781281917183
1237.62,2,1175.0,816.2,879.1159152148106,62.915915214810525
1248.46,11,960.0,383.64,288.41094251427336,95.22905748572663
1559.83,6,690.0,1009.37,1133.4073022764737,124.03730227647372
1516.68,14,487.0,579.29,734.1488638664699,154.85886386646996
593.83,8,75.0,315.71,348.7428435611063,33.03284356110635
1017.64,13,360.0,271.93,344.5067395182682,72.5767395182682
1916.37,11,708.0,1871.77,1897.2995638655468,25.529563865546834
384.77,3,182.0,347.82,298.16620175201996,49.653798247980035
1643.68,10,683.0,2442.92,2175.5836971840854,267.3363028159147
1465.72,5,392.0,1264.6,1440.5139866784982,175.9139866784983
1635.5,10,175.0,1443.25,1737.2954259593187,294.04542595931866
1603.6,7,577.0,1959.13,1744.5628867601085,214.56711323989157
1793.36,13,799.0,951.92,1066.4571920811259,114.53719208112591
1170.54,13,608.0,370.89,386.3677830672821,15.477783067282132
686.23,7,194.0,202.49,255.6392297931871,53.14922979318709
1394.38,13,889.0,232.72,218.33346145051695,14.386538549483049
1222.6,7,901.0,136.8,279.7778724998434,142.9778724998434
1398.75,1,698.0,1525.82,1565.0436176366345,39.22361763663457
1235.69,9,592.0,793.55,673.2272171497641,120.32278285023585
1846.41,14,1015.0,871.76,1132.5024810537018,260.7424810537018
848.89,9,524.0,136.46,354.32153232396166,217.86153232396165
1789.85,5,781.0,2114.27,2060.6464088692173,53.62359113078264
494.63,3,200.0,58.24,198.38506648363094,140.14506648363093
1649.42,5,503.0,2335.55,2167.8047007455443,167.74529925445586
1872.89,11,667.0,2221.67,2057.7385219761945,163.93147802380554
1691.68,7,336.0,1843.58,1946.8960475825359,103.31604758253593
1455.37,4,217.0,1506.46,1764.2867569940838,257.8267569940838
1479.01,8,207.0,1146.93,1443.213776622091,296.28377662209095
1710.98,7,690.0,1807.71,1719.841477106097,87.86852289390299
1285.2,2,251.0,1916.43,1779.984648674026,136.44535132597412
448.34,1,432.0,581.71,524.5905647535301,57.11943524646995
1691.15,4,1194.0,2250.51,2189.2502610342635,61.25973896573669
774.64,10,64.0,455.9,436.426041188924,19.47395881107599
657.8,8,15.0,377.85,361.7473364685626,16.10266353143743
1878.06,11,741.0,1207.39,1498.715004174733,291.32500417473284
1483.06,8,638.0,1007.48,1182.522347850669,175.04234785066888
1879.09,12,965.0,1700.28,1769.4176871761451,69.13768717614516
1840.75,8,1182.0,990.07,1160.6369706049616,170.5669706049615
2090.54,13,1062.0,869.28,981.5375746643169,112.25757466431696
1346.14,1,754.0,1220.47,1372.1552020994018,151.68520209940175
1292.77,14,767.0,186.47,144.61851850417625,41.85148149582375
1809.29,11,775.0,1752.23,1672.5227578006181,79.70724219938188
1561.41,8,592.0,1402.98,1536.7282146711377,133.7482146711377
1448.72,6,957.0,727.75,767.466129055255,39.71612905525501
1726.51,9,800.0,2167.72,1805.0591204400055,362.6608795599943
1107.96,6,1198.0,222.6,244.2738016098762,21.673801609876193
1462.01,3,1092.0,1737.65,1793.4752675477334,55.82526754773335
1791.69,12,958.0,2499.84,2378.215940465858,121.62405953414236
2000.42,11,955.0,1282.19,1334.459578558524,52.26957855852402
1711.55,11,605.0,1880.69,1923.2439815766595,42.55398157665945
1702.81,7,670.0,1558.02,1616.5349351808582,58.514935180858174
1787.57,11,844.0,1962.77,1921.6070845069057,41.16291549309426
1416.98,3,718.0,1158.02,1437.5030952852449,279.4830952852449
1608.55,6,323.0,1477.23,1593.304899730608,116.07489973060797
1828.37,14,616.0,2374.41,2201.701745177481,172.70825482251894
1662.92,8,752.0,1519.78,1502.5520764708629,17.227923529137115
1412.13,1,1166.0,1423.69,1531.7474628241282,108.05746282412815
1451.85,3,1187.0,1632.14,1581.2575028242395,50.88249717576059
711.07,3,1013.0,166.52,223.09586690867604,56.57586690867603
951.92,5,741.0,429.24,417.3620072887054,11.87799271129461
1809.83,14,467.0,2176.26,1935.0659998838096,241.19400011619064
751.16,3,712.0,512.23,427.78031253573005,84.44968746426997
1371.86,12,218.0,901.03,768.7553229163502,132.27467708364975
956.61,6,373.0,587.38,437.288038884736,150.09196111526398
1478.31,8,562.0,2479.33,1671.591309495375,807.7386905046249
1454.05,5,132.0,2387.03,2058.413829095669,328.6161709043313
866.05,3,98.0,871.46,693.816602772231,177.64339722776901
1977.89,14,545.0,1206.76,1413.0262717651624,206.2662717651624
1398.94,1,869.0,1498.88,1590.8971913292467,92.01719132924654
640.56,2,875.0,393.25,348.9064792137148,44.34352078628518
1718.71,8,888.0,2296.07,2005.4926361093285,290.5773638906717
1376.59,1,716.0,1396.41,1565.0436176366345,168.63361763663443
2214.64,8,1025.0,1031.33,1015.7676006942876,15.562399305712347
1810.94,9,1064.0,2016.76,1862.2827772334274,154.4772227665726
1607.34,4,463.0,1963.41,2028.3837678152643,64.97376781526418
1370.31,1,678.0,1478.57,1547.3815808271333,68.81158082713341
1154.03,1,436.0,1358.14,1481.8704813930717,123.73048139307161
1661.61,5,586.0,2135.36,2002.8809378577414,132.47906214225873
543.18,1,797.0,126.8,202.88850924641704,76.08850924641705
877.17,14,481.0,939.99,663.3437022495531,276.64629775044693
1557.94,7,172.0,1486.86,1840.147772123882,353.2877721238822
1157.87,10,1192.0,23.47,59.01830390642373,35.54830390642373
1351.69,7,981.0,658.85,554.863382511297,103.98661748870302
1701.23,10,692.0,1671.71,1636.489758327138,35.22024167286213
1979.83,13,710.0,2223.86,2018.3378963885539,205.52210361144625
1787.41,12,380.0,1526.79,1814.52899554997,287.73899554997
1373.4,3,133.0,1728.5,1975.9940208561175,247.49402085611746
1250.66,4,730.0,799.25,775.989803592408,23.260196407592048
2030.76,12,1070.0,1055.51,1201.2701282291491,145.76012822914913
1600.1,11,456.0,2223.72,2123.696817524754,100.0231824752459
1466.31,12,85.0,1056.43,1237.1371541743927,180.7071541743926
544.12,2,543.0,103.37,130.4144645872841,27.044464587284097
1606.76,6,367.0,1947.68,1847.1787642654735,100.50123573452652
1215.84,1,481.0,1792.17,1955.6405723374633,163.47057233746318
1562.23,5,233.0,1862.04,1731.8618727339078,130.17812726609213
922.69,1,45.0,1070.22,1136.6231811077807,66.40318110778071
1523.75,5,152.0,2444.81,2163.0206567798364,281.7893432201636
1514.4,7,344.0,1242.05,1381.224278129452,139.17427812945198
1584.73,5,320.0,1584.55,1574.4895692827129,10.06043071728709
1193.72,9,989.0,378.12,321.6938788896875,56.42612111031252
1237.07,10,57.0,936.89,974.3875524104474,37.49755241044738
1659.5,12,342.0,2253.61,2231.0683495781846,22.541650421815575
1519.98,2,983.0,2109.93,1958.8288393693329,151.10116063066698
1116.56,10,5.0,836.86,778.9719990921035,57.888000907896526
457.49,3,80.0,517.54,336.00948605010007,181.5305139498999
631.81,8,482.0,1411.49,1321.4877785749416,90.00222142505845
426.22,4,11.0,312.01,260.54277157270445,51.46722842729554
1798.38,12,1075.0,2328.11,2169.1352924172584,158.97470758274176
1396.28,13,632.0,268.91,359.75747798504597,90.84747798504594
703.45,8,323.0,46.48,181.10753733173505,134.62753733173506
1806.06,11,527.0,1550.32,1714.2416165655156,163.9216165655157
1499.68,5,948.0,898.6,965.2070229886158,66.60702298861577
1628.66,5,504.0,1502.63,1704.048845942114,201.41884594211388
2007.62,10,793.0,1422.29,1365.161937800876,57.12806219912386
805.12,13,32.0,232.43,253.50158957791882,21.071589577918814
1666.18,9,768.0,1815.6,1612.2507526234563,203.34924737654364
1849.58,9,994.0,1742.62,1622.726340095988,119.89365990401188
1387.17,1,1105.0,1432.3,1517.3079187392577,85.00791873925778
907.19,12,178.0,507.59,458.3820693409214,49.207930659078556
1492.08,5,716.0,1111.23,996.877678662307,114.35232133769307
1166.93,3,771.0,725.67,696.5947079815285,29.075292018471487
2162.03,13,1054.0,1131.25,1150.6687370785112,19.418737078511185
1776.62,10,872.0,2191.27,2007.5724336369412,183.69756636305874
1387.43,12,1077.0,32.55,187.35674027064422,154.80674027064424
1285.23,12,211.0,749.56,727.180803293371,22.37919670662893
1400.57,4,199.0,1310.01,1595.3286321052847,285.3186321052847
1577.55,2,1029.0,1702.6,1750.9142412312403,48.31424123124043
1685.92,10,643.0,2263.77,1912.3342370560094,351.43576294399054
1724.42,10,797.0,1706.73,1725.5076062666935,18.77760626669351
1113.16,12,657.0,322.5,299.02160593041145,23.478394069588546
751.58,8,177.0,486.06,434.6484556877681,51.41154431223191
437.4,2,222.0,456.24,420.76820632991667,35.47179367008334
1458.63,3,555.0,2342.76,2095.517355171181,247.24264482881927
1372.83,1,673.0,2026.16,1790.8744176922678,235.28558230773228
1897.37,10,877.0,1711.12,1751.4059114182198,40.28591141821994
1145.33,1,250.0,1300.17,1529.9965291049782,229.82652910497814
221.23,1,467.0,296.49,329.1967243478941,32.70672434789407
1865.67,10,1026.0,828.82,1104.913302975192,276.09330297519193
2050.62,11,1106.0,2250.54,2071.2442378782225,179.29576212177744
1243.1,12,452.0,816.56,706.1350518134723,110.42494818652767
1885.87,14,865.0,2497.16,2292.41507356091,204.7449264390898
1468.19,8,107.0,2450.89,1942.309385501301,508.5806144986989
1365.73,8,80.0,1092.18,1278.255780284774,186.07578028477383
1625.53,8,945.0,766.98,963.2899277668134,196.30992776681342
2214.64,13,1140.0,1607.8,1578.7727678543874,29.027232145612516
1435.96,2,636.0,1438.19,1650.3999978478478,212.20999784784772
1921.18,14,865.0,1422.11,1486.21727387207,64.10727387207021
1746.74,12,482.0,1710.47,1858.2475276343214,147.77752763432136
648.53,2,68.0,756.61,729.200594506786,27.409405493213967
1306.64,14,512.0,526.84,495.8259853246071,31.014014675392957
616.27,1,547.0,573.6,517.8491984801205,55.750801519879474
1610.25,10,5.0,1338.9,1404.8529042940972,65.95290429409715
1361.3,3,1158.0,1107.4,1262.5546949696995,155.15469496969945
1328.85,1,993.0,1143.58,1212.9978521194405,69.41785211944057
1215.96,6,378.0,837.63,868.4642612392262,30.83426123922618
1988.56,11,1156.0,2231.86,2092.3286052515787,139.53139474842146
1430.04,5,1050.0,882.86,935.8462764020168,52.986276402016756
1606.63,8,836.0,735.52,1017.6981078293333,282.17810782933327
1639.12,8,633.0,1308.36,1518.6979482788147,210.3379482788148
1873.19,12,713.0,1642.01,1774.8928848845449,132.88288488454486
1312.16,5,96.0,1105.47,1217.605223538006,112.1352235380059
1344.18,7,1054.0,576.47,542.5133639862181,33.95663601378192
1831.92,12,495.0,1948.13,1919.8069713030668,28.323028696933306
1421.45,1,1068.0,2011.28,1958.7062047365393,52.573795263460624
1483.77,8,544.0,1279.51,1417.623856432891,138.113856432891
1077.12,11,816.0,544.99,387.7767541419181,157.2132458580819
1664.76,5,1080.0,2383.82,2292.587701578267,91.23229842173305
1833.27,8,1124.0,1908.69,1882.424656555875,26.265343444125165
1269.1,3,29.0,1632.85,1675.7259220585377,42.87592205853775
1628.6,6,470.0,2235.72,1972.2165560810595,263.5034439189403
1558.09,7,287.0,2293.5,2057.1904662184825,236.30953378151753
1302.97,4,72.0,1367.29,1479.6203104745211,112.33031047452118
800.18,6,344.0,233.31,299.6477998174511,66.33779981745107
1780.65,8,801.0,1241.21,1261.8963501151106,20.6863501151106
1029.87,5,629.0,484.34,463.77700170114775,20.56299829885222
1356.46,11,327.0,961.08,895.7824621327461,65.29753786725394
1180.63,14,94.0,105.94,279.44516884674124,173.50516884674124
1695.08,4,1113.0,2103.82,2294.2399782483103,190.41997824831014
1968.4,14,267.0,2090.21,2009.892454942891,80.3175450571091
1229.41,10,625.0,519.94,530.0693377994141,10.129337799414088
1492.64,14,457.0,848.61,875.4466782000668,26.836678200066785
1154.77,11,398.0,723.39,628.1549398139412,95.23506018605883
866.76,14,68.0,438.96,505.2633688087343,66.30336880873432
1587.8,3,769.0,2497.93,2274.382843193771,223.54715680622894
1815.02,13,694.0,1054.31,1397.7516162849597,343.44161628495976
1883.21,12,1088.0,1977.91,2010.4012242254798,32.491224225479755
1281.64,9,101.0,950.23,991.0248861844042,40.79488618440416
1209.08,1,170.0,2452.85,2330.602746251471,122.24725374852869
1447.39,12,1135.0,475.95,448.95188154998016,26.99811845001983
1436.66,3,1109.0,2092.26,2024.1982450252594,68.06175497474078
1084.79,7,753.0,358.13,324.25957124483415,33.87042875516585
667.85,2,521.0,467.19,495.49889349849445,28.308893498494456
1996.18,12,1003.0,983.23,1223.486632618944,240.25663261894397
799.12,3,269.0,708.05,584.281453700013,123.76854629998695
1931.21,14,646.0,2418.19,2299.813119126446,118.376880873554
1292.93,14,1153.0,346.58,249.80786050063497,96.77213949936501
380.88,4,18.0,289.06,321.11490925056455,32.05490925056455
2197.33,13,1167.0,1074.36,1190.670466448046,116.3104664480461
1788.75,6,930.0,1907.95,1864.1304956830083,43.8195043169917
1164.2,5,714.0,617.72,539.0341004511379,78.68589954886215
1548.87,7,256.0,2180.53,1964.816087342633,215.71391265736725
1761.94,9,1063.0,2497.79,2292.8026575503964,204.9873424496036
1710.53,11,512.0,2016.19,1899.1962782266078,116.99372177339228
1476.48,9,463.0,1024.53,1203.555813489735,179.02581348973513
1829.06,12,714.0,2003.23,1902.7579534921647,100.47204650783533
1456.34,1,872.0,2420.07,2317.5028438893523,102.56715611064783
1730.86,10,631.0,1220.71,1557.5085652014125,336.79856520141243
1384.78,9,633.0,888.17,634.8084029396446,253.3615970603554
781.82,4,1065.0,119.34,231.43453888768488,112.09453888768488
1225.63,12,947.0,193.05,127.87052045004036,65.17947954995965
647.0,4,159.0,568.58,551.2725703527535,17.307429647246522
363.02,1,292.0,449.83,387.49157637464924,62.33842362535074
1192.88,1,1115.0,926.13,962.2332989957048,36.10329899570479
1639.55,7,1168.0,667.94,794.8001350574962,126.86013505749611
1507.04,4,348.0,2047.08,1976.8572918926027,70.22270810739724
1485.69,8,77.0,1930.98,1765.4002020051084,165.57979799489158
2119.83,7,1033.0,1013.03,1037.7129545507812,24.682954550781233
1612.43,4,672.0,1603.52,1834.3672358822184,230.84723588221846
1478.93,4,1191.0,999.45,1095.9747435321594,96.52474353215939
978.13,8,392.0,661.27,428.2721493575603,232.9978506424397
1253.76,7,951.0,584.4,455.1407965823692,129.25920341763077
1643.96,5,778.0,2423.47,2060.2839925707935,363.18600742920626
1900.18,11,958.0,1999.13,1908.7011466495353,90.4288533504648
1152.04,3,186.0,1068.31,1124.8684343017292,56.55843430172922
1711.97,5,1116.0,2460.46,2244.144171588928,216.31582841107183
710.25,13,63.0,107.92,125.7746363168941,17.8546363168941
1944.89,12,852.0,1957.9,1897.7772214425297,60.12277855747038
929.16,6,420.0,386.77,446.15826611073066,59.38826611073068
1796.98,6,668.0,1922.45,1840.100965673925,82.34903432607507
644.69,8,795.0,1645.99,1496.0310882522272,149.95891174777285
1238.04,4,420.0,927.74,1026.6344083551871,98.89440835518712
1843.97,12,1074.0,2407.71,2339.302084024111,68.40791597588895
1740.85,12,916.0,2394.85,2161.065722767895,233.78427723210507
1023.65,4,1075.0,586.17,485.0659553304951,101.10404466950484
1745.09,5,1143.0,1217.72,1405.2251135620652,187.50511356206516
755.3,2,719.0,591.44,477.6365853125235,113.80341468747656
1416.33,4,197.0,1858.84,1893.9609497624824,35.120949762482496
710.15,6,248.0,395.4,366.19239933180154,29.207600668198438
1883.49,10,834.0,1820.8,1781.4565076587246,39.34349234127535
1423.85,1,1112.0,2011.44,1975.2408926360179,36.19910736398219
2162.13,12,1189.0,1453.16,1420.6462245539267,32.513775446073396
1832.34,14,269.0,1349.61,1488.2011941114035,138.59119411140364
1600.42,7,671.0,1262.85,1368.640680012528,105.79068001252813
1995.87,14,976.0,1526.58,1641.4351767632993,114.85517676329937
1311.23,2,370.0,1554.5,1700.7396081853183,146.23960818531827
1565.16,4,1180.0,1948.55,1732.8245833011274,215.72541669887255
1410.58,5,36.0,2022.94,1961.816816418413,61.123183581587
1465.26,5,691.0,1030.64,997.3128870385154,33.32711296148466
1485.05,8,52.0,2353.5,2018.712835514619,334.787164485381
1569.37,11,24.0,2029.04,2053.2191817197704,24.17918171977044
175.53,1,85.0,89.83,76.59205640309936,13.237943596900635
1146.78,7,803.0,12.75,140.05717734328547,127.30717734328547
1862.13,12,893.0,910.41,1069.8527550576403,159.44275505764028
1703.02,14,113.0,1091.13,1102.467776703148,11.337776703147938
669.85,5,516.0,1878.49,1605.5137825460972,272.9762174539028
1970.01,14,904.0,2005.96,1817.6910078238168,188.26899217618325
1465.9,1,1058.0,1601.04,1695.4287199457804,94.3887199457804
1201.26,14,555.0,313.73,415.1651694872881,101.43516948728808
1429.72,7,738.0,730.28,788.6279762267956,58.347976226795595
1556.7,8,792.0,2437.24,2134.693906935454,302.54609306454586
901.36,5,831.0,432.8,383.67118358581916,49.12881641418085
1116.62,7,709.0,320.8,358.45124950141405,37.65124950141404
1260.96,9,1078.0,161.85,223.5039096807385,61.65390968073851
1163.1,2,616.0,968.93,901.7630092415155,67.16699075848442
1423.86,2,570.0,2297.12,2154.232315020586,142.88768497941373
1624.68,9,460.0,2424.47,2093.4969293514573,330.9730706485425
1449.26,4,425.0,1286.54,1642.0953282064363,355.55532820643634
1630.47,11,437.0,1053.24,1401.9235718478176,348.6835718478176
1778.65,9,1000.0,1901.79,1925.710316633768,23.920316633767925
1295.34,1,553.0,1687.11,1595.2643438112038,91.84565618879606
1361.08,10,5.0,1094.06,1143.8750500644976,49.815050064497655
1663.58,12,931.0,864.21,1110.7376795203818,246.52767952038175
1389.11,6,436.0,914.53,1053.4696083350057,138.9396083350057
636.02,3,1074.0,247.32,283.43827120750205,36.11827120750206
1727.1,9,896.0,1398.54,1666.0514108362786,267.5114108362786
1202.9,1,462.0,2047.57,1927.4859852468016,120.08401475319829
1490.96,3,665.0,2418.16,2052.1117403305143,366.04825966948556
1653.69,11,532.0,2419.86,2165.4978076242296,254.36219237577052
949.04,9,483.0,52.64,306.7556884458246,254.11568844582462
981.72,12,296.0,326.83,369.18812981038144,42.358129810381456
1557.2,9,131.0,1990.0,2034.2058537462951,44.20585374629513
1718.79,6,836.0,2035.17,1776.002868044866,259.167131955134
1631.49,10,532.0,1223.36,1543.7055322030342,320.3455322030343
1989.13,14,595.0,2140.61,2059.4487112550078,81.16128874499236
1739.49,7,623.0,1894.02,1924.3452889770442,30.325288977044238
1665.23,5,1077.0,2234.35,2105.098620425248,129.2513795747518
1468.01,5,579.0,1018.52,1219.9934630164387,201.4734630164387
1510.91,8,255.0,1817.19,1728.9582206902742,88.23177930972588
1903.76,8,1009.0,1378.07,1721.0514096068011,342.9814096068012
781.97,10,87.0,498.96,448.1811151396697,50.778884860330265
1447.25,1,809.0,1734.56,1892.509735800944,157.94973580094415
1763.16,9,1079.0,1981.94,2228.11599080731,246.17599080730997
2073.13,8,1134.0,1049.84,1096.1552496931163,46.31524969311636
895.14,8,403.0,654.97,433.4313454928116,221.53865450718843
916.02,8,534.0,429.88,406.3621997225879,23.517800277412107
1745.09,13,564.0,2245.56,2039.0012458018134,206.55875419818653
1144.41,2,752.0,958.29,903.5307900810104,54.75920991898954
1673.7,11,293.0,1410.0,1546.650440333338,136.6504403333381
1119.17,5,919.0,470.23,427.52016033827044,42.709839661729575
573.58,5,103.0,333.22,285.1864925320964,48.03350746790363
570.71,1,893.0,19.76,91.02744845647287,71.26744845647286
789.01,12,37.0,52.65,90.97481850367652,38.32481850367652
1827.44,8,1142.0,776.74,862.9873734318066,86.24737343180664
801.73,5,332.0,218.03,290.5387238104936,72.50872381049359
2032.23,7,950.0,1739.62,1608.5562416799708,131.06375832002914
1623.73,9,223.0,1916.03,1797.494545654676,118.53545434532407
1577.01,6,522.0,1210.87,1394.6409318759129,183.770931875913
1666.29,12,46.0,2077.07,2019.441858628811,57.62814137118926
1300.19,2,252.0,1545.94,1753.5269687201467,207.58696872014661
1510.57,14,999.0,619.42,688.342055588332,68.922055588332
1721.56,13,125.0,2004.61,1845.840623222851,158.76937677714886
990.84,9,597.0,625.99,414.9955375889402,210.99446241105983
969.85,3,289.0,853.79,645.9531194140629,207.83688058593702
1483.58,4,275.0,2359.64,2083.469514156261,276.1704858437388
1589.75,9,803.0,880.17,997.2019104821451,117.03191048214512
966.87,11,293.0,285.14,387.9827197405955,102.8427197405955
1535.3,6,164.0,1460.21,1558.5014259859931,98.2914259859931
1807.33,12,675.0,2277.93,2046.0816401104478,231.84835988955206
1267.98,11,859.0,146.71,186.03388822939337,39.32388822939336
1354.0,2,296.0,1878.7,1791.2305897968054,87.46941020319468
1634.04,7,300.0,2417.85,2182.4518747347583,235.39812526524156
1543.17,2,1155.0,1517.18,1655.0368579972687,137.85685799726866
1728.07,9,1097.0,2330.2,2239.6209257056667,90.57907429433317
1491.9,4,422.0,2049.71,1943.0954851472932,106.61451485270686
1406.95,14,1020.0,510.33,303.9456302245165,206.3843697754835
682.22,4,205.0,545.57,491.12273863369995,54.4472613663001
1116.31,4,1001.0,739.08,571.3940769902454,167.68592300975467
1632.1,9,938.0,742.17,859.6166412376447,117.44664123764471
883.11,5,351.0,407.74,462.91072331878377,55.17072331878376
1249.66,9,748.0,653.42,538.614557575014,114.80544242498593
1906.35,13,1186.0,2462.26,2356.1853740769725,106.07462592302772
1682.33,6,384.0,1656.04,1798.1149979007018,142.07499790070187
844.9,10,150.0,418.41,404.19764800285895,14.21235199714107
993.55,10,783.0,158.93,318.32663484716,159.39663484716
1742.34,6,372.0,2494.69,2232.8396574194817,261.8503425805184
1827.18,10,958.0,1643.76,1694.2776424463982,50.51764244639821
1438.52,8,34.0,1225.2,1420.3199493391883,195.11994933918822
1516.58,7,151.0,2461.93,2178.971090122113,282.958909877887
1500.09,7,150.0,1379.35,1644.0735742330698,264.72357423306994
1757.81,6,751.0,2085.98,2059.789585188867,26.190414811132996
738.92,7,568.0,159.12,248.00703025213969,88.88703025213968
1785.72,12,574.0,2240.9,2061.858437299967,179.04156270003296
1190.16,13,36.0,808.38,668.9771202836624,139.40287971633757
1889.9,14,595.0,1818.77,1905.7023509009264,86.9323509009264
1705.24,7,381.0,2342.27,2178.59097251409,163.67902748590996
1295.14,14,174.0,815.3,700.253273006333,115.046726993667
1590.82,11,226.0,2013.45,1966.5635483891588,46.88645161084128
1777.72,13,137.0,1505.66,1675.7638658098354,170.10386580983527
1658.97,5,1120.0,1514.91,1655.101273823678,140.19127382367788
1698.94,4,862.0,2335.55,2319.114215161613,16.435784838387008
2004.34,8,829.0,1147.89,1227.0361579308774,79.14615793087728
764.24,4,380.0,446.66,461.9930458988831,15.333045898883086
1560.78,9,238.0,1197.83,1498.8985490286643,301.0685490286644
1634.13,13,1199.0,493.0,434.99239201167984,58.00760798832016
1921.09,12,710.0,1249.41,1444.5006367671688,195.0906367671687
1980.99,14,719.0,1973.14,1950.897403356355,22.24259664364513
1198.24,1,482.0,1697.08,1686.8566301353976,10.223369864602319
1062.52,9,444.0,725.31,555.3139968951327,169.9960031048672
1483.48,4,238.0,1707.28,1800.3877232612417,93.10772326124174
1282.8,2,299.0,1612.7,1733.034617713828,120.33461771382804
1155.05,10,273.0,799.9,733.9654170074016,65.9345829925984
1276.06,7,636.0,697.02,637.9228648125353,59.09713518746469
962.14,2,1038.0,685.07,548.8497844644475,136.2202155355526
1485.4,2,798.0,2334.41,2007.258975505793,327.1510244942069
1918.46,12,601.0,2166.56,2064.575260633722,101.98473936627806
1077.35,6,290.0,814.04,705.8605910453755,108.17940895462448
543.56,8,16.0,259.02,276.5481164116909,17.528116411690917
1453.25,8,303.0,1072.44,1276.6860688796762,204.24606887967616
1632.61,11,372.0,2048.26,1847.4113251263161,200.8486748736841
1513.04,3,864.0,2338.52,2101.777722205295,236.74227779470493
1758.56,11,913.0,2253.41,2193.056979108985,60.353020891014694
1683.49,14,805.0,834.06,948.7656681576817,114.70566815768177
1691.38,5,905.0,2317.31,1995.042923388727,322.26707661127284
1060.47,10,728.0,226.53,356.95307965543196,130.42307965543196
1324.64,4,842.0,893.25,929.9382430403556,36.68824304035559
1116.8,5,117.0,953.06,994.0675348437662,41.00753484376628
704.94,9,51.0,314.81,288.2943446625797,26.5156553374203
1699.9,7,1071.0,841.11,1105.7469683557617,264.6369683557617
1967.87,13,922.0,1510.22,1593.5127965977874,83.2927965977874
1747.22,8,867.0,2373.39,2120.975712175533,252.414287824467
1952.8,11,1013.0,1483.3,1508.5529662398458,25.25296623984582
1776.48,6,1148.0,1525.81,1423.5454700310825,102.26452996891749
1810.37,5,1010.0,2054.21,1929.4969740911367,124.7130259088633
1376.04,1,682.0,1517.04,1559.026993794986,41.98699379498612
406.7,5,14.0,78.33,210.91532258011927,132.58532258011928
1972.88,6,1203.0,1900.48,1948.009007552231,47.52900755223095
1575.87,4,810.0,1852.31,1726.3249367768774,125.98506322312255
1522.45,3,760.0,2073.25,1880.9407376749084,192.3092623250916
1403.48,7,868.0,625.09,575.4592397882816,49.63076021171844
683.1,7,205.0,103.31,231.04745597734356,127.73745597734356
1588.8,5,387.0,1882.35,2019.3806360393792,137.03063603937926
852.02,11,447.0,130.07,392.44093991277003,262.37093991277004
1633.26,9,482.0,1348.44,1592.226694636195,243.78669463619485
1459.63,7,15.0,2436.67,2233.0725206717448,203.5974793282553
1950.3,10,955.0,1182.33,1334.3384298622905,152.00842986229054
1500.28,5,41.0,2314.68,2161.385375399003,153.29462460099694
1666.52,2,1189.0,1164.74,1255.02188592379,90.28188592379001
752.69,2,762.0,519.74,486.75971489782773,32.980285102172274
1714.8,10,895.0,937.46,1313.5803155901672,376.12031559016714
1889.71,13,858.0,2258.01,2182.7411131935296,75.26888680647062
1179.09,11,650.0,524.8,483.7597744335039,41.040225566496076
1450.67,4,198.0,2106.63,1881.2984034268495,225.3315965731506
2337.73,14,1020.0,1201.75,1253.9614494273337,52.21144942733372
1629.92,12,59.0,2247.39,2101.1175701724937,146.27242982750613
1142.89,8,626.0,545.84,445.6266879720408,100.2133120279592
639.73,5,57.0,559.05,536.1218613902375,22.928138609762414
1375.88,5,908.0,716.7,607.8267981043981,108.87320189560194
713.71,13,8.0,78.44,107.09841599126288,28.658415991262885
1487.93,11,684.0,672.51,867.3051190937217,194.79511909372172
1443.02,4,180.0,2365.46,2100.420921345214,265.03907865478595
1915.79,13,511.0,1628.33,1828.4133116610224,200.08331166102244
499.26,4,231.0,20.39,237.1359567963042,216.7459567963042
1759.33,9,1139.0,1973.31,1828.798747635403,144.51125236459688
1587.21,9,578.0,1167.71,1349.64691147101,181.93691147101003
2079.14,14,530.0,2028.06,1945.2922212060778,82.76777879392216
837.8,7,316.0,141.89,216.83142596318234,74.94142596318235
1437.95,2,897.0,2382.39,2161.2357639799475,221.1542360200524
1033.44,12,121.0,608.92,562.133636298271,46.78636370172899
1682.1,4,764.0,1417.94,1638.0949062834604,220.15490628346038
1715.29,11,663.0,2141.08,2027.1406687098365,113.93933129016341
1338.3,3,91.0,1640.15,1794.6992210593462,154.5492210593461
616.24,7,125.0,193.62,245.76655251503715,52.14655251503714
1183.74,12,437.0,639.96,577.5904560251071,62.36954397489296
1392.1,4,84.0,2243.12,2029.9021399401552,213.21786005984472
1686.98,5,716.0,1316.6,1537.5590799319277,220.95907993192782
1556.78,12,18.0,2461.37,2366.676028129998,94.69397187000186
1419.48,3,560.0,1664.15,1778.4152733716694,114.26527337166931
568.17,3,504.0,63.39,165.9651233749548,102.5751233749548
1336.74,5,1126.0,664.9,587.3174054162325,77.58259458376745
589.11,1,1092.0,390.55,426.76335648568624,36.213356485686234
862.61,11,273.0,502.37,441.1183159110876,61.251684088912384
459.21,4,6.0,458.7,448.1063500693293,10.593649930670665
678.74,1,620.0,490.45,562.831799600954,72.38179960095403
1645.06,5,659.0,2083.15,2040.8008941455369,42.34910585446323
1765.67,12,353.0,2150.17,1930.4787104924735,219.69128950752656
2000.39,13,618.0,1982.27,2007.9102023577884,25.64020235778844
1528.91,2,1158.0,2355.92,2123.295694245616,232.6243057543843
1360.76,3,512.0,1251.6,1362.4543247544239,110.85432475442394
1676.48,5,840.0,941.55,1315.4281319940383,373.8781319940383
1858.36,7,1086.0,2319.81,2171.563319025401,148.2466809745988
1797.14,13,1152.0,864.45,1080.1633704822852,215.7133704822852
1580.95,4,840.0,1375.42,1480.7240424147362,105.30404241473616
667.98,4,724.0,89.99,223.2519488782423,133.26194887824232
1438.41,3,327.0,2141.92,2043.783203000718,98.13679699928207
1997.52,13,1055.0,2005.84,1840.3991808786127,165.44081912138722
609.73,1,931.0,327.97,242.95182919101669,85.01817080898334
1632.42,10,108.0,2181.67,2069.0739372438325,112.59606275616761
1344.17,13,1204.0,24.47,47.648456829879684,23.178456829879686
1288.31,5,517.0,919.25,867.5610657629832,51.68893423701684
1753.84,12,988.0,2492.79,2443.905863927989,48.88413607201119
1466.95,1,1041.0,1630.25,1662.7693168074838,32.51931680748385
1619.0,10,454.0,2359.42,1987.7818653308075,371.6381346691926
1399.39,5,406.0,1084.16,1112.3160890143083,28.156089014308236
1394.55,4,103.0,1790.07,2029.9021399401552,239.83213994015523
695.66,11,198.0,269.95,281.7338960838836,11.783896083883633
631.5,4,477.0,18.97,233.13241929067067,214.16241929067067
1572.91,11,67.0,2455.53,2205.364996715175,250.16500328482516
966.26,7,789.0,185.73,280.0067942169822,94.27679421698221
1492.02,13,70.0,993.7,1110.0432219148265,116.34322191482647
1377.35,12,59.0,858.62,892.6917848363133,34.07178483631333
804.96,3,1027.0,180.0,302.9361303860003,122.93613038600029
572.73,3,275.0,543.74,462.13855822985755,81.60144177014246
873.97,12,180.0,384.42,458.3820693409214,73.9620693409214
1472.53,3,334.0,2449.89,2325.9013125807205,123.98868741927936
1960.92,7,759.0,1694.02,1585.3114714602361,108.70852853976385
1542.4,10,174.0,1991.96,1586.6496079309134,405.3103920690867
516.69,1,780.0,366.37,336.47941075314685,29.890589246853153
1208.82,9,934.0,415.5,304.5265048847415,110.97349511525852
1277.26,8,936.0,556.28,420.07933724351835,136.20066275648162
1475.4,1,1002.0,2320.13,2150.347841651585,169.78215834841512
482.65,7,83.0,137.84,218.20312828973306,80.36312828973305
1058.5,9,191.0,789.52,623.8237135921341,165.69628640786584
1256.92,3,280.0,1090.37,1247.0787597062183,156.70875970621842
1785.53,5,644.0,2383.17,2239.420594266629,143.74940573337108
1395.03,10,498.0,992.86,952.6569394471564,40.20306055284357
1518.93,4,317.0,1793.28,1899.8739619832468,106.5939619832468
860.32,4,1100.0,370.61,353.5350986783935,17.07490132160649
1503.98,4,263.0,2469.06,2250.4876591827765,218.57234081722345
1513.28,4,932.0,1287.34,1512.5712240183857,225.23122401838577
1839.05,14,343.0,2013.4,1949.0123363272967,64.38766367270341
917.79,2,274.0,888.24,786.0217540474919,102.21824595250814
500.92,1,759.0,330.29,290.8294136929768,39.46058630702322
1506.38,8,204.0,2178.45,1919.0587133307924,259.3912866692074
1496.46,6,840.0,870.82,793.3822035071839,77.43779649281612
1961.96,7,756.0,1473.59,1545.9825036169022,72.39250361690233
780.15,4,1048.0,279.75,254.54468734915235,25.205312650847645
1158.68,9,800.0,39.96,249.33236560770837,209.37236560770836
1386.33,3,240.0,1895.67,1770.8873157150301,124.78268428496995
2124.16,13,997.0,920.48,1018.8315000183621,98.35150001836212
1523.26,2,826.0,2163.39,2013.7195680309158,149.67043196908412
1168.72,6,194.0,914.25,784.1486021757435,130.10139782425654
1467.52,4,333.0,1934.76,1883.982527211851,50.777472788149
1794.57,8,1053.0,1864.01,1804.7436743013689,59.266325698631135
1770.37,12,466.0,1291.33,1617.0406805544487,325.7106805544488
1755.05,8,916.0,2417.62,2298.574213273989,119.0457867260111
1732.46,11,322.0,1251.3,1422.3743262271998,171.0743262271999
1555.48,13,11.0,1114.96,1128.3792454114675,13.4192454114675
718.71,7,250.0,364.79,303.4771497478411,61.31285025215891
594.93,5,247.0,296.51,394.7442505718337,98.23425057183368
1899.69,14,1158.0,2104.61,2196.3366401928047,91.72664019280455
2159.33,11,1095.0,1071.83,1114.2171493919166,42.38714939191664
1284.51,11,1149.0,270.81,244.14054236264153,26.669457637358477
1372.31,9,14.0,1057.38,1077.581546947049,20.201546947048882
1202.69,4,184.0,983.77,1051.2958370702077,67.52583707020767
1561.2,6,135.0,2488.22,2183.784696869807,304.435303130193
1722.49,5,717.0,1508.97,1588.2209174920367,79.2509174920367
1228.94,1,389.0,1964.96,1844.2402117264985,120.71978827350154
1536.6,3,1136.0,1296.54,1419.3028743371763,122.7628743371763
1716.13,13,145.0,2202.42,2054.6040900054263,147.81590999457376
1081.05,1,1122.0,861.5,850.1503978132929,11.349602186707102
1203.93,14,383.0,97.95,378.6498597635836,280.6998597635836
1110.55,1,309.0,1211.37,1457.0913792287017,245.72137922870184
1167.78,3,278.0,994.9,1145.5983536866745,150.69835368667452
1917.57,7,1109.0,2397.29,2327.5840830483,69.70591695170015
1758.03,12,643.0,2194.16,2256.1497123660356,61.98971236603575
1444.13,11,176.0,1050.67,1228.4575210087985,177.78752100879842
1309.85,7,309.0,1021.75,839.537448544119,182.212551455881
1539.0,3,992.0,1897.41,1868.1812570641496,29.228742935850505
431.17,3,175.0,440.19,347.7120522678602,92.4779477321398
1791.96,5,895.0,2329.69,2228.0745288969288,101.61547110307129
950.24,8,372.0,348.37,421.70877306863053,73.33877306863053
718.3,5,567.0,193.11,272.89837855877266,79.78837855877265
1624.58,8,978.0,710.43,988.1004214573617,277.6704214573617
446.94,1,1082.0,1809.49,1720.728427280172,88.76157271982811
1699.94,11,636.0,2238.97,1941.1501015243841,297.8198984756157
946.39,6,370.0,315.09,434.4356936865496,119.34569368654962
802.95,8,413.0,222.83,361.48579104077106,138.65579104077105
546.04,3,399.0,141.39,254.98834196178095,113.59834196178096
